url,name,price,quantity_box,quantity_carton,color,material,dipping
https://www.ardon.cz/kombinovane-rukavice-ardon-r-elton-s-prodejni-etiketou,Kombinované rukavice ARDON®ELTON,69.43,12,72,žlutá,bavlna,None
https://www.ardon.cz/macene-rukavice-ardonsafety-perry-uni-s-prodejni-etiketou-doprodej,Máčené rukavice ARDON®PERRY UNI,15.67,None,None,None,None,None
https://www.ardon.cz/macene-rukavice-ardonsafety-randy,Máčené rukavice ARDON®RANDY,43.44,12,120,bílá,polyester,latex
https://www.ardon.cz/kombinovane-rukavice-ardonsafety-elton,Kombinované rukavice ARDON®ELTON,60.50,12,72,žlutá,bavlna,None
https://www.ardon.cz/zimni-rukavice-ardon-r-hobby-reflex-winter-s-prodejni-etiketou,Zimní rukavice ARDON®HOBBY REFLEX WINTER,104.15,12,120,reflexní,kůže,None
https://www.ardon.cz/svarecske-rukavice-ardon-r-kirk,Svářečské rukavice ARDON®KIRK,168.41,12,60,žlutá,hovězí štípenka,None
https://www.ardon.cz/svarecske-rukavice-ardon-r-flame,Svářečské rukavice ARDON®FLAME,198.17,12,60,žluto-černé,hovězí štípenka,None
https://www.ardon.cz/svarecske-rukavice-ardon-r-kirk-rf,Svářečské rukavice ARDON®KIRK RF,166.62,12,60,žlutá,hovězí štípenka,None
https://www.ardon.cz/macene-rukavice-ardonsafety-rich,Máčené rukavice ARDON®RICH,50.58,12,120,červená,bavlna,PVC
https://www.ardon.cz/macene-rukavice-ardonsafety-houston-y-zluta,Máčené rukavice ARDON®HOUSTON Y,24.80,12,240,žlutá,bavlna,nitril
https://www.ardon.cz/protirezne-rukavice-ardon-r-shield-s-prodejni-etiketou,Protiřezné rukavice ARDON®SHIELD,297.54,12,144,modrá,polyester,nitril
https://www.ardon.cz/esd-rukavice-ardonsafety-pulse-touch-06-xs,ESD rukavice ARDON®PULSE TOUCH,30.92,12,240,šedá,nylon,polyuretan
https://www.ardon.cz/macene-rukavice-ardonsafety-perry-uni,Máčené rukavice ARDON®PERRY UNI,9.32,12,300,bílá,polyester,None
https://www.ardon.cz/macene-rukavice-ardon-r-dick-knuckle-10-xl,Máčené rukavice ARDON®DICK KNUCKLE,43.44,12,120,oranžová,polyester,latex
https://www.ardon.cz/chemicke-rukavice-butoject-898-08-m,Chemické rukavice BUTOJECT 898,1188.19,None,None,černá,butyl,None
https://www.ardon.cz/kombinovane-rukavice-ardon-r-bremen-09-l-s-prodejni-etiketou,Kombinované rukavice ARDON®BREMEN,108.90,12,72,zelená,bavlna,None
https://www.ardon.cz/zimni-rukavice-ardonsafety-davis-08-m-s-prodejni-etiketou,Zimní rukavice ARDON®DAVIS,71.21,12,60,žlutá,akryl,latex
https://www.ardon.cz/macene-rukavice-ardonsafety-dick-max-08-m-s-prodejni-etiketou,Máčené rukavice ARDON®DICK MAX,39.48,12,120,červená,polyester,latex
https://www.ardon.cz/celokozene-rukavice-ardon-r-effect-11-2xl,Celokožené rukavice ARDON®EFFECT,362.32,12,60,šedá,kozinka,None
https://www.ardon.cz/kombinovane-rukavice-ardon-r-james,Kombinované rukavice ARDON®JAMES,88.87,12,120,modrá,bavlna,None
https://www.ardon.cz/macene-rukavice-ardonsafety-royd-s-prodejni-etiketou,Máčené rukavice ARDON®ROYD,33.73,None,None,žlutá,polyester,latex
https://www.ardon.cz/kombinovane-rukavice-ardonsafety-rocky,Kombinované rukavice ARDON®ROCKY,29.76,12,120,hnědá,bavlna,None
https://www.ardon.cz/zimni-rukavice-ardonsafety-rocky-winter,Zimní rukavice ARDON®ROCKY WINTER,51.58,12,60,šedá,None,None
https://www.ardon.cz/zimni-rukavice-ardonsafety-gino-winter,Zimní rukavice ARDON®GINO WINTER,79.15,12,60,šedá,bavlna,None
https://www.ardon.cz/kombinovane-rukavice-ardonsafety-gino,Kombinované rukavice ARDON®GINO,57.33,12,120,šedá,bavlna,None
https://www.ardon.cz/kombinovane-rukavice-ardonsafety-mary,Kombinované rukavice ARDON®MARY,79.34,12,72,šedá,bavlna,None
https://www.ardon.cz/kombinovane-rukavice-ardonsafety-percy,Kombinované rukavice ARDON®PERCY,37.60,12,120,šedá,kozinka,None
https://www.ardon.cz/kombinovane-rukavice-ardon-r-top-up,Kombinované rukavice ARDON®TOP UP,105.53,12,72,šedo-červená,hovězí štípenka,None
https://www.ardon.cz/kombinovane-rukavice-ardonsafety-mechanik,Kombinované rukavice ARDON®MECHANIK,51.62,None,None,šedá,kozinka,None
https://www.ardon.cz/celokozene-rukavice-anti,Celokožené rukavice ANTI,267.79,10,100,šedá,hovězí štípenka,None
https://www.ardon.cz/kombinovane-rukavice-ardon-r-hobby-s-prodejni-etiketou,Kombinované rukavice ARDON®HOBBY,87.09,12,120,žlutá,bavlna,None
https://www.ardon.cz/kombinovane-rukavice-ardon-r-thunder-magnetic-s-prodejni-etiketou,Kombinované rukavice ARDON®THUNDER MAGNETIC,374.91,12,72,oranžovo,kozinka,None
https://www.ardon.cz/zimni-rukavice-ardon-r-pony-winter-s-prodejni-etiketou,Zimní rukavice ARDON®PONY WINTER,115.05,12,120,černo-bílá,kozinka,None
https://www.ardon.cz/kombinovane-rukavice-ardon-r-august,Kombinované rukavice ARDON®AUGUST,229.35,12,60,modrá,polyester,None
https://www.ardon.cz/kombinovane-rukavice-ardon-r-sienos-s-prodejni-etiketou,Kombinované rukavice ARDON®SIENOS,69.43,12,120,žlutá,nylon,None
https://www.ardon.cz/kombinovane-rukavice-ardon-r-august-fl-bez-konecku-prstu,Kombinované rukavice ARDON®AUGUST FL,228.11,12,60,modrá,polyester,None
https://www.ardon.cz/celokozene-rukavice-ardon-r-indy-s-prodejni-etiketou,Celokožené rukavice ARDON®INDY,122.99,12,120,světle,hovězí,None
https://www.ardon.cz/celokozene-rukavice-ardonsafety-hilton,Celokožené rukavice ARDON®HILTON,83.31,12,120,béžová,vepřová lícovka,None
https://www.ardon.cz/zimni-rukavice-ardonsafety-hilton-winter,Zimní rukavice ARDON®HILTON WINTER,133.30,12,60,béžová,vepřová lícovka,None
https://www.ardon.cz/svarecske-rukavice-ardon-r-coy,Svářečské rukavice ARDON®COY,104.15,12,60,šedá,hovězí štípenka,None
https://www.ardon.cz/svarecske-rukavice-ardonsafety-mel,Svářečské rukavice ARDON®MEL,77.36,12,60,šedá,hovězí štípenka,None
https://www.ardon.cz/celokozene-rukavice-ardonsafety-simon,Celokožené rukavice ARDON®SIMON,65.26,12,120,šedá,hovězí štípenka,None
https://www.ardon.cz/svarecske-rukavice-ardonsafety-glen,Svářečské rukavice ARDON®GLEN,107.11,12,72,šedá,kozinka,None
https://www.ardon.cz/kombinovane-rukavice-ardon-r-wall-s-prodejni-etiketou,Kombinované rukavice ARDON®WALL,126.96,12,120,šedá,kozinka,None
https://www.ardon.cz/svarecske-rukavice-ardon-r-4tig,Svářečské rukavice ARDON®4TIG,156.71,12,120,bílo-žlutá,kůže,None
https://www.ardon.cz/svarecske-rukavice-ardonsafety-4mig-black-1-cerna,Svářečské rukavice ARDON®4MIG BLACK ,132.71,12,60,černá,hovězí štípenka,None
https://www.ardon.cz/zahradni-rukavice-ardon-r-iris-s-prodejni-etiketou,Zahradní rukavice ARDON®IRIS,22.80,12,240,bílá,polyester,nitril
https://www.ardon.cz/zimni-rukavice-ardon-r-bremen-winter-s-prodejni-etiketou,Zimní rukavice ARDON®BREMEN WINTER,144.81,12,60,zelená,bavlna,None
https://www.ardon.cz/site-rukavice-ardonsafety-kevin,Šité rukavice ARDON®KEVIN,12.90,12,600,bílá,bavlna,None
https://www.ardon.cz/site-rukavice-ardonsafety-corey,Šité rukavice ARDON®COREY,7.85,12,600,bílá,bavlna,None
https://www.ardon.cz/site-rukavice-ardonsafety-fred,Šité rukavice ARDON®FRED,13.90,12,300,černá,polyester,None
https://www.ardon.cz/pletene-rukavice-ardonsafety-abe-uni,Pletené rukavice ARDON®ABE UNI,9.90,12,300,bílá,polyester,None
https://www.ardon.cz/atg-r-macene-rukavice-nbr-lite-r-34-985,ATG® máčené rukavice NBR-Lite® 24-985,69.41,12,144,oranžová,bavlna,nitril
https://www.ardon.cz/atg-r-protirezne-rukavice-maxicut-r-34-450,ATG® protiřezné rukavice MaxiCut® 34-45,233.00,12,72,zelená,protiřezné,nitrilová
https://www.ardon.cz/atg-r-macene-rukavice-maxidex-r-19-007,ATG® máčené rukavice MaxiDex® 19-007,125.97,12,72,modrá,nylon,NBR
https://www.ardon.cz/atg-r-macene-rukavice-maxifoam-r-34-800,ATG® máčené rukavice MaxiFoam® 34-800,105.94,12,144,bílá,nylon,nitrilová
https://www.ardon.cz/atg-r-macene-rukavice-maxifoam-r-litetm-34-900,ATG® máčené rukavice MaxiFoam® Lite™ 34-900,93.45,12,144,šedá,nylon,nitrilová
https://www.ardon.cz/atg-r-protirezne-rukavice-maxicut-r-ultratm-44-6745f,ATG® protiřezné rukavice MaxiCut® Ultra™ 44-6745F,355.74,12,72,None,nylon,nitrilová
https://www.ardon.cz/atg-r-macene-rukavice-maxiflex-r-ultimatetm-34-874,ATG® máčené rukavice MaxiFlex® Ultimate™ 34-874,117.71,12,144,šedá,nylon,nitrilová
https://www.ardon.cz/atg-r-zimni-rukavice-maxitherm-r-30-201,ATG® zimní rukavice MaxiTherm® 30-201,173.42,12,72,oranžová,akryl,latex
https://www.ardon.cz/atg-r-macene-rukavice-maxiflex-r-endurancetm-34-844,ATG® máčené rukavice MaxiFlex® Endurance™ 34-844,138.16,12,144,šedá,nylon,nitrilová
https://www.ardon.cz/atg-r-macene-rukavice-maxiflex-r-activetm-34-824,ATG® máčené rukavice MaxiFlex® Active™ 34-824,122.03,12,144,zelená,nylon,nitrilová
https://www.ardon.cz/atg-r-macene-rukavice-maxiflex-r-comforttm-34-924,ATG® máčené rukavice MaxiFlex® Comfort™ 34-924,128.99,12,144,šedá,nylon,nitrilová
https://www.ardon.cz/atg-r-chemicke-rukavice-maxidry-r-plustm-56-530,ATG® chemické rukavice MaxiDry® Plus™ 56-530,186.47,12,72,modrá,nylon,nitril
https://www.ardon.cz/atg-r-zimni-rukavice-maxidry-r-zerotm-56-451,ATG® zimní rukavice MaxiDry® Zero™ 56-451,260.72,12,72,fialová,nylon,nitril
https://www.ardon.cz/atg-r-macene-rukavice-maxiflex-r-activetm-34-814-s-prodejni-etiketou,ATG® máčené rukavice MaxiFlex® Active™ 34-814,127.51,12,144,růžová,nylon,nitrilová
https://www.ardon.cz/atg-r-chemicke-rukavice-maxichem-r-56-630,ATG® chemické rukavice MaxiChem® 56-630,49.59,None,None,zelená,nylon,nitril
https://www.ardon.cz/atg-r-macene-rukavice-nbr-lite-r-24-986,ATG® máčené rukavice NBR-Lite® 24-986,76.37,12,144,oranžová,bavlna,nitril
https://www.ardon.cz/atg-r-macene-rukavice-maxidry-r-56-427,ATG® máčené rukavice MaxiDry® 56-427,148.58,12,72,fialová,nylon,nitril
https://www.ardon.cz/atg-r-macene-rukavice-maxiflex-r-ultimatetm-42-875-ad-apt,ATG® máčené rukavice MaxiFlex® Ultimate™ 42-875 AD-APT®,119.35,None,None,None,None,None
https://www.ardon.cz/atg-r-macene-rukavice-maxiflex-r-ultimatetm-42-876-ad-apt,ATG® máčené rukavice MaxiFlex® Ultimate™ 42-876 AD-APT®,121.49,12,144,černá,nylon,nitrilová
https://www.ardon.cz/atg-r-macene-rukavice-maxiflex-r-endurancetm-42-847-ad-apt,ATG® máčené rukavice MaxiFlex® Endurance™ 42-847 AD-APT®,151.55,12,144,černá,nylon,nitrilová
https://www.ardon.cz/atg-r-macene-rukavice-maxiflex-r-endurancetm-42-845-ad-apt,ATG® máčené rukavice MaxiFlex® Endurance™ 42-845 AD-APT®,140.30,12,144,šedá,nylon,nitrilová
https://www.ardon.cz/atg-r-macene-rukavice-maxiflex-r-endurancetm-42-848-ad-apt-r,ATG® máčené rukavice MaxiFlex® Endurance™ 42-848  AD-APT®,143.54,12,144,oranžová,nylon,nitrilová
https://www.ardon.cz/atg-r-protirezne-rukavice-maxicut-r-34-450-lp,ATG® protiřezné rukavice MaxiCut® 34-450 LP,406.00,12,72,zelená,protiřezné,nitrilová
https://www.ardon.cz/atg-r-chemicke-rukavice-maxichem-r-76-730-s-tritechtm,ATG® chemické rukavice MaxiChem® 76-730,221.06,12,72,modrá,nylon,latex
https://www.ardon.cz/atg-r-chemicke-rukavice-maxichem-r-cuttm-76-733-s-tritechtm,ATG® chemické rukavice MaxiChem® Cut™ 76-733 ,327.10,12,72,modrá,protiřezné,latex
https://www.ardon.cz/atg-r-chemicke-rukavice-maxichem-r-56-635,ATG® chemické rukavice MaxiChem® 56-635,208.28,None,None,zelená,nylon,nitril
https://www.ardon.cz/atg-r-zimni-rukavice-maxitherm-r-30-202,ATG® zimní rukavice MaxiTherm® 30-202,185.23,12,72,oranžová,akryl,latex
https://www.ardon.cz/atg-r-protirezne-rukavice-maxicut-r-ultratm-44-3445,ATG® protiřezné rukavice MaxiCut® Ultra™ 44-3445,289.61,12,72,modrá,nylon,nitrilová
https://www.ardon.cz/atg-r-macene-rukavice-maxiflex-r-elitetm-34-274,ATG® máčené rukavice MaxiFlex® Elite™ 34-274,110.57,12,144,modrá,nylon,nitrilová
https://www.ardon.cz/atg-r-macene-rukavice-maxiflex-r-elitetm-34-244,ATG® máčené rukavice MaxiFlex® Elite™ 34-244,121.32,12,144,modrá,nylon,nitrilová
https://www.ardon.cz/atg-r-macene-rukavice-maxidry-r-56-426,ATG® máčené rukavice MaxiDry® 56-426,170.87,12,72,fialová,nylon,nitril
https://www.ardon.cz/atg-r-esd-rukavice-maxiflex-r-elitetm-34-774b,ATG® ESD rukavice MaxiFlex® Elite™ 34-774B,168.84,12,144,šedá,nylon,nitrilová
https://www.ardon.cz/atg-r-protirezne-rukavice-maxicut-r-ultratm-52-3755-ad-apt-r-ponozka,ATG® protiřezné rukavice MaxiCut® Ultra™ 52-3755 AD-APT®,309.45,1,72,modrá,nylon,nitrilová
https://www.ardon.cz/atg-r-protirezne-rukavice-maxiflex-r-cut-34-8753,ATG® protiřezné rukavice MaxiFlex® Cut 34-8753,218.91,12,72,zelená,nylon,nitrilová
https://www.ardon.cz/atg-r-protirezne-rukavice-maxicut-r-oiltm-34-304,ATG® protiřezné rukavice MaxiCut® Oil™ 34-304,199.95,12,72,zelená,protiřezné,nitril
https://www.ardon.cz/atg-r-protirezne-rukavice-maxicut-r-oiltm-34-305,ATG® protiřezné rukavice MaxiCut® Oil™ 34-305,211.66,12,72,zelená,protiřezné,nitril
https://www.ardon.cz/atg-r-protirezne-rukavice-maxiflex-r-cut-34-8443,ATG® protiřezné rukavice MaxiFlex® Cut 34-8443,254.60,12,72,zelená,nylon,nitrilová
https://www.ardon.cz/atg-r-protirezne-rukavice-maxiflex-r-cut-34-1743,ATG® protiřezné rukavice MaxiFlex® CUT 34-1743,347.14,12,72,černá,kevlar,NBR
https://www.ardon.cz/atg-r-protirezne-rukavice-maxicut-r-ultratm-52-3745-ad-apt,ATG® protiřezné rukavice MaxiCut® Ultra™ 52-3745 AD-APT®,275.88,12,72,modrá,nylon,nitrilová
https://www.ardon.cz/atg-r-protirezne-rukavice-maxicut-r-oiltm-34-505,ATG® protiřezné rukavice MaxiCut® Oil™ 34-505,378.53,12,72,modrá,protiřezné,nitril
https://www.ardon.cz/atg-r-macene-rukavice-maxiflex-r-ultimatetm-42-874-ad-apt-r,ATG® máčené rukavice MaxiFlex® Ultimate™ 42-874 AD-APT®,121.21,12,144,šedá,nylon,nitrilová
https://www.ardon.cz/atg-r-macene-rukavice-maxidry-r-56-424,ATG® máčené rukavice MaxiDry® 56-424,128.94,12,72,fialová,nylon,nitril
https://www.ardon.cz/atg-r-macene-rukavice-maxidry-r-56-425,ATG® máčené rukavice MaxiDry® 56-425,133.90,12,72,fialová,nylon,nitril
https://www.ardon.cz/atg-r-protirezne-rukavice-maxicut-r-oiltm-44-304,ATG® protiřezné rukavice MaxiCut® Oil™ 44-304,204.31,12,72,zelená,spandex,nitril
https://www.ardon.cz/atg-r-protirezne-rukavice-maxicut-r-oiltm-44-305,ATG® protiřezné rukavice MaxiCut® Oil™ 44-305,218.20,12,72,zelená,spandex,nitril
https://www.ardon.cz/atg-r-protirezne-rukavice-maxicut-r-oiltm-44-504,ATG® protiřezné rukavice MaxiCut® Oil™ 44-504,269.77,None,None,modrá,None,nitril
https://www.ardon.cz/atg-r-protirezne-rukavice-maxicut-r-oiltm-44-505,ATG® protiřezné rukavice MaxiCut® Oil™ 44-505,315.40,12,72,modrá,None,nitril
https://www.ardon.cz/atg-r-protirezne-rukavice-maxiflex-r-cuttm-42-8743-ad-apt-r,ATG® protiřezné rukavice MaxiFlex® Cut™ 42-8743 AD-APT®,213.10,12,72,zelená,nylon,nitrilová
https://www.ardon.cz/atg-r-chemicke-rukavice-maxichem-r-cuttm-56-633,ATG® chemické rukavice MaxiChem® Cut™ 56-633,39.68,None,None,zelená,nylon,nitril
https://www.ardon.cz/macene-rukavice-ardonsafety-houston-modra,Máčené rukavice ARDON®HOUSTON,31.65,12,240,None,bavlna,nitril
https://www.ardon.cz/macene-rukavice-ardonsafety-sidney,Máčené rukavice ARDON®SIDNEY,51.38,12,120,modrá,bavlna,nitril
https://www.ardon.cz/macene-rukavice-ardonsafety-ronny,Máčené rukavice ARDON®RONNY,37.10,12,120,modrá,bavlna,nitril
https://www.ardon.cz/macene-rukavice-ardonsafety-ray,Máčené rukavice ARDON®RAY,97.20,12,120,červená,None,PVC
https://www.ardon.cz/pletene-rukavice-ardonsafety-proof,Pletené rukavice ARDON®PROOF,12.70,12,240,bílá,polyester,None
https://www.ardon.cz/rukavice-do-domacnosti-ardonsafety-stanley,Rukavice do domácnosti ARDON®STANLEY,15.86,12,216,žlutá,latex,None
https://www.ardon.cz/jednorazove-rukavice-ardonsafety-hdpe,Jednorázové rukavice ARDON®HDPE,15.87,None,None,čirá,HDPE,None
https://www.ardon.cz/protirezne-rukavice-ardonsafety-julius,Protiřezné rukavice ARDON®JULIUS,76.38,12,144,šedá,polyester,polyuretan
https://www.ardon.cz/macene-rukavice-ardonsafety-brad,Máčené rukavice ARDON®BRAD,24.80,12,240,bílá,polyester,nitril
https://www.ardon.cz/jednorazove-rukavice-semperguard-r-xtra-lite-nepudrovane-levandulove-modra,Jednorázové rukavice SEMPERGUARD® Xtra Lite,266.23,None,None,levandulově,nitril,None
https://www.ardon.cz/jednorazove-rukavice-semperguard-r-comfort-nepudrovane-modra,Jednorázové rukavice SEMPERGUARD® Comfort,183.61,None,None,modrá,nitril,None
https://www.ardon.cz/jednorazove-rukavice-semperguard-r-xpert-nepudrovane-modra,Jednorázové rukavice SEMPERGUARD® XPERT ,434.42,None,None,modrá,nitril,None
https://www.ardon.cz/jednorazove-rukavice-semperguard-r-cobalt-nepudrovane-tmave-modra,Jednorázové rukavice SEMPERGUARD® Cobalt ,121.19,None,None,modrá,nitril,None
https://www.ardon.cz/chemicke-rukavice-semperplus,Chemické rukavice SEMPERPLUS,69.43,12,144,zelená,nitril,None
https://www.ardon.cz/rukavice-do-domacnosti-sempertip,Rukavice do domácnosti SEMPERTIP DOPRODEJ,5.96,None,None,modrá,latex,None
https://www.ardon.cz/rukavice-do-domacnosti-sempervelvet,Rukavice do domácnosti SEMPERVELVET,30.16,12,144,modrá,latex,None
https://www.ardon.cz/jednorazove-rukavice-semperguard-r-xtension-nepudrovane-modra,Jednorázové rukavice SEMPERGUARD® Xtension,365.38,None,None,modrá,nitril,None
https://www.ardon.cz/jednorazove-rukavice-semperguard-r-latex-ic-nepudrovane,Jednorázové rukavice SEMPERGUARD® LATEX IC ,255.22,None,None,bílá,latex,None
https://www.ardon.cz/jednorazove-rukavice-protects-hygienic-vinyl-nepudrovane-modra,Jednorázové rukavice PROTECTS HYGIENIC VINYL,39.68,None,None,modrá,vinyl,None
https://www.ardon.cz/jednorazove-rukavice-semperguard-style,Rukavice SEMPERGUARD STYLE,181.78,None,None,None,None,None
https://www.ardon.cz/tepelne-odolne-rukavice-activarmr-r-42-474-09-l-ex-crusader,Tepelně odolné rukavice ActivArmr® 42-474 (ex Crusader),533.59,12,72,None,bavlna,None
https://www.ardon.cz/chemicke-rukavice-alphatec-r-37-676-ex-sol-vex-r-07-s,Chemické rukavice AlphaTec® 37-676 (ex Sol-vex®),89.27,12,144,zelená,None,None
https://www.ardon.cz/chemicke-rukavice-alphatec-r-87-900-ex-bi-colour-r-07-s,Chemické rukavice AlphaTec® 87-900 (ex Bi-colour®),97.20,12,144,zelená,latex,None
https://www.ardon.cz/macene-rukavice-ardon-r-petrax,Máčené rukavice ARDON®PETRAX,46.60,12,120,None,polyester,latexová
https://www.ardon.cz/macene-rukavice-ardon-r-pure-touch-white,Máčené rukavice ARDON®PURE TOUCH WHITE,32.18,None,None,bílá,nylon,polyuretan
https://www.ardon.cz/macene-rukavice-ardon-r-pure-touch-black,Máčené rukavice ARDON®PURE TOUCH BLACK,31.72,None,None,černá,nylon,polyuretan
https://www.ardon.cz/macene-rukavice-ardon-r-lite-touch-06-xs,Máčené rukavice ARDON®LITE TOUCH,79.15,12,144,modrá,nylon,polyuretan
https://www.ardon.cz/protirezne-rukavice-ardon-r-storm-touch-08-m,Protiřezné rukavice ARDON®STORM TOUCH,250.93,12,144,bílá,nylon,polyuretan
https://www.ardon.cz/tepelne-odolne-rukavice-ardon-r-alan-09-l,Tepelně odolné rukavice ARDON®ALAN,507.41,None,None,béžová,pletený,None
https://www.ardon.cz/macene-rukavice-ardon-r-lite-touch-oil-06-xs,Máčené rukavice ARDON®LITE TOUCH OIL,39.48,12,120,černá,nylon,nitrilová
https://www.ardon.cz/macene-rukavice-ardon-r-green-touch-07-s-s-prodejni-etiketou-fialova,Máčené rukavice ARDON®GREEN TOUCH,45.43,12,120,None,polyester,latex
https://www.ardon.cz/macene-rukavice-ardonsafety-blade-07-s,Máčené rukavice ARDON®BLADE,31.55,12,240,červená,polyester,latex
https://www.ardon.cz/detske-rukavice-ardon-r-jojo-5-7-let-s-prodejni-etiketou-3-4-macene,Dětské rukavice ARDON®JOJO,50.58,12,240,žlutá,nylon,latexová
https://www.ardon.cz/svarecske-rukavice-ardon-r-coy-11-2xl-s-kevlarovymi-svy,Svářečské rukavice ARDON®COY,145.60,12,60,šedá,hovězí štípenka,None
https://www.ardon.cz/esd-rukavice-ardonsafety-leo-esd-06-xs,ESD rukavice ARDON®LEO ESD,21.42,12,240,šedá,PES,PU
https://www.ardon.cz/macene-rukavice-ardonsafety-leo-05-2xs,Máčené rukavice ARDON®LEO,10.71,12,240,bílá,polyester,polyuretan
https://www.ardon.cz/macene-rukavice-ardonsafety-buck-bila,Máčené rukavice ARDON®BUCK,19.64,12,240,bílá,polyester,polyuretan
https://www.ardon.cz/macene-rukavice-ardonsafety-buddy-06-xs,Máčené rukavice ARDON®BUDDY,25.60,12,600,bílá,polyester,None
https://www.ardon.cz/pletene-rukavice-ardonsafety-kasilon-08-m-doprodej,Pletené rukavice ARDON®KASILON,12.70,12,300,šedá,polyester,None
https://www.ardon.cz/chemicke-rukavice-showa-660-09-l,Chemické rukavice SHOWA 660,130.72,10,60,modrá,bavlna,PVC
https://www.ardon.cz/chemicke-rukavice-showa-730-07-s,Chemické rukavice SHOWA 730,61.30,None,None,zelená,nitril,None
https://www.ardon.cz/macene-rukavice-ardonsafety-nitrax-basic-10-xl,Máčené rukavice ARDON®NITRAX BASIC,21.81,12,240,None,polyester,nitril
https://www.ardon.cz/macene-rukavice-ardon-r-nitrax-07-s,Máčené rukavice ARDON®NITRAX,38.69,12,240,modrá,nylon,nitril
https://www.ardon.cz/macene-rukavice-ardonsafety-buck-cerna,Máčené rukavice ARDON®BUCK BLACK,19.64,12,240,černá,polyester,polyuretan
https://www.ardon.cz/macene-rukavice-ardonsafety-dick-basic-08-m,Máčené rukavice ARDON®DICK BASIC,24.80,12,120,None,polyester,latex
https://www.ardon.cz/svarecske-rukavice-weldas-10-2050,Svářečské rukavice WELDAS 10-2050,515.74,10,60,černo-šedo-bílá,hovězí štípenka,None
https://www.ardon.cz/zimni-rukavice-ardon-r-winfine-06-xs-s-prodejni-etiketou,Zimní rukavice ARDON®Winfine,98.98,12,60,světle,akryl,latexové
https://www.ardon.cz/svarecske-rukavice-weldas-r-10-1003-10-xl,Svářečské rukavice Weldas® 10-1003,575.25,10,60,béžová,vepřová lícovka,None
https://www.ardon.cz/zimni-rukavice-ardon-r-petrax-winter,Zimní rukavice ARDON®PETRAX WINTER,83.31,12,60,žlutá,akryl,latex
